"g0.bTRUE","Model","Subtype"
"1",-0.0103698859583588,"Model A","SimpleRandom"
"1",-0.0075133191428279,"Model A","SimpleRandom"
"1",-0.0162611586516379,"Model A","SimpleRandom"
"1",-0.00916064017948925,"Model A","SimpleRandom"
"1",-0.00965140771890157,"Model A","SimpleRandom"
"1",-0.00549723562925926,"Model A","SimpleRandom"
"1",-0.00797701205597857,"Model A","SimpleRandom"
"1",-0.00549682765078217,"Model A","SimpleRandom"
"1",-0.00798100701087399,"Model A","SimpleRandom"
"1",-0.00614613209989857,"Model A","SimpleRandom"
"1",-0.00549410454665937,"Model A","SimpleRandom"
"1",-0.00714945404557049,"Model A","SimpleRandom"
"1",-0.0111244888406269,"Model A","SimpleRandom"
"1",-0.0104649197371979,"Model A","SimpleRandom"
"1",-0.00962129169433228,"Model A","SimpleRandom"
"1",-0.00700669623485417,"Model A","SimpleRandom"
"1",-0.0089194959750795,"Model A","SimpleRandom"
"1",-0.007071863569557,"Model A","SimpleRandom"
"1",-0.00811847926286235,"Model A","SimpleRandom"
"1",-0.00892042420798684,"Model A","SimpleRandom"
"1",-0.00984614718007308,"Model A","SimpleRandom"
"1",-0.0123311535096385,"Model A","SimpleRandom"
"1",-0.00450515461990047,"Model A","SimpleRandom"
"1",-0.0137052207484812,"Model A","SimpleRandom"
"1",-0.0125833728724927,"Model A","SimpleRandom"
"1",-0.00502571032179073,"Model A","SimpleRandom"
"1",-0.00540699005722098,"Model A","SimpleRandom"
"1",-0.0109373877477094,"Model A","SimpleRandom"
"1",-0.0104860586714284,"Model A","SimpleRandom"
"1",-0.0084505565287399,"Model A","SimpleRandom"
"1",-0.0117966179202113,"Model A","SimpleRandom"
"1",-0.00733791553068896,"Model A","SimpleRandom"
"1",-0.00880576965385191,"Model A","SimpleRandom"
"1",-0.0128188145832194,"Model A","SimpleRandom"
"1",-0.0132597149232828,"Model A","SimpleRandom"
"1",-0.00858281620114399,"Model A","SimpleRandom"
"1",-0.00777155522742263,"Model A","SimpleRandom"
"1",-0.00946081403677574,"Model A","SimpleRandom"
"1",-0.00417677359318535,"Model A","SimpleRandom"
"1",-0.00950015420207076,"Model A","SimpleRandom"
"1",-0.010306793469998,"Model A","SimpleRandom"
"1",-0.00623976987295443,"Model A","SimpleRandom"
"1",-0.00823884560882799,"Model A","SimpleRandom"
"1",-0.0131536406495583,"Model A","SimpleRandom"
"1",-0.0119027871543776,"Model A","SimpleRandom"
"1",-0.0146002717129889,"Model A","SimpleRandom"
"1",-0.00778801096987412,"Model A","SimpleRandom"
"1",-0.00899107725002807,"Model A","SimpleRandom"
"1",-0.00866228317247062,"Model A","SimpleRandom"
"1",-0.0122822899788957,"Model A","SimpleRandom"
"1",-0.00834738133738176,"Model A","SimpleRandom"
"1",-0.00765995700432954,"Model A","SimpleRandom"
"1",-0.00625087761062172,"Model A","SimpleRandom"
"1",-0.0086173540220369,"Model A","SimpleRandom"
"1",-0.0100291223364367,"Model A","SimpleRandom"
"1",-0.0105852024456909,"Model A","SimpleRandom"
"1",-0.00801076797515645,"Model A","SimpleRandom"
"1",-0.00549960946988441,"Model A","SimpleRandom"
"1",-0.00783625389106371,"Model A","SimpleRandom"
"1",-0.00690336258588888,"Model A","SimpleRandom"
"1",-0.00815124596321757,"Model A","SimpleRandom"
"1",-0.00841675939819953,"Model A","SimpleRandom"
"1",-0.0129423664359755,"Model A","SimpleRandom"
"1",-0.00931625247271671,"Model A","SimpleRandom"
"1",-0.00896495986365406,"Model A","SimpleRandom"
"1",-0.00586049130177659,"Model A","SimpleRandom"
"1",-0.0089588686671354,"Model A","SimpleRandom"
"1",-0.00664428648862534,"Model A","SimpleRandom"
"1",-0.00653323977603609,"Model A","SimpleRandom"
"1",-0.00720245702331822,"Model A","SimpleRandom"
"1",-0.0130629135746637,"Model A","SimpleRandom"
"1",-0.0104350810909459,"Model A","SimpleRandom"
"1",-0.0104253204592811,"Model A","SimpleRandom"
"1",-0.0099182507138527,"Model A","SimpleRandom"
"1",-0.00244247217939754,"Model A","SimpleRandom"
"1",-0.00849595607242912,"Model A","SimpleRandom"
"1",-0.0118734452332319,"Model A","SimpleRandom"
"1",-0.00686074504657689,"Model A","SimpleRandom"
"1",-0.0132390209283514,"Model A","SimpleRandom"
"1",-0.0103724219351448,"Model A","SimpleRandom"
"1",-0.00761943071523933,"Model A","SimpleRandom"
"1",-0.0119584513621361,"Model A","SimpleRandom"
"1",-0.00813669934729372,"Model A","SimpleRandom"
"1",-0.00705397735006529,"Model A","SimpleRandom"
"1",-0.00833153171506621,"Model A","SimpleRandom"
"1",-0.0126697815962666,"Model A","SimpleRandom"
"1",-0.00630943686949374,"Model A","SimpleRandom"
"1",-0.00874947365052873,"Model A","SimpleRandom"
"1",-0.00836969287048428,"Model A","SimpleRandom"
"1",-0.00594857213212268,"Model A","SimpleRandom"
"1",-0.00752709887445355,"Model A","SimpleRandom"
"1",-0.00796046081109619,"Model A","SimpleRandom"
"1",-0.00644288842980512,"Model A","SimpleRandom"
"1",-0.013973780075742,"Model A","SimpleRandom"
"1",-0.00550777120359594,"Model A","SimpleRandom"
"1",-0.00682609235883303,"Model A","SimpleRandom"
"1",-0.0119491894893236,"Model A","SimpleRandom"
"1",-0.013094074311906,"Model A","SimpleRandom"
"1",-0.00960157635582356,"Model A","SimpleRandom"
"1",-0.0121743491164746,"Model A","SimpleRandom"
"1",-0.00615403444818686,"Model A","SimpleRandom"
"1",-0.00609570109289523,"Model A","SimpleRandom"
"1",-0.00722339550886327,"Model A","SimpleRandom"
"1",-0.00758976817620896,"Model A","SimpleRandom"
"1",-0.0132660763523493,"Model A","SimpleRandom"
"1",-0.011506993762225,"Model A","SimpleRandom"
"1",-0.00496376984517074,"Model A","SimpleRandom"
"1",-0.0122844581899404,"Model A","SimpleRandom"
"1",-0.00677351822988246,"Model A","SimpleRandom"
"1",-0.00572925240251689,"Model A","SimpleRandom"
"1",-0.00355069637684884,"Model A","SimpleRandom"
"1",-0.00476971017414956,"Model A","SimpleRandom"
"1",-0.016483712067056,"Model A","SimpleRandom"
"1",-0.00913925140972945,"Model A","SimpleRandom"
"1",-0.0146695708912848,"Model A","SimpleRandom"
"1",-0.00740503487567251,"Model A","SimpleRandom"
"1",-0.00745967211611767,"Model A","Spread.one"
"1",-0.00425897209768625,"Model A","Spread.one"
"1",-0.006919004447651,"Model A","Spread.one"
"1",-0.00639082646641694,"Model A","Spread.one"
"1",-0.00471413722438152,"Model A","Spread.one"
"1",-0.00508318516333243,"Model A","Spread.one"
"1",-0.00732123796927784,"Model A","Spread.one"
"1",-0.00578246166787997,"Model A","Spread.one"
"1",-0.00508314093349022,"Model A","Spread.one"
"1",-0.00732405494602415,"Model A","Spread.one"
"1",-0.00578219366969223,"Model A","Spread.one"
"1",-0.00507893925324268,"Model A","Spread.one"
"1",-0.00508061283811719,"Model A","Spread.one"
"1",-0.00746659476562624,"Model A","Spread.one"
"1",-0.0078050484306713,"Model A","Spread.one"
"1",-0.00875563297942545,"Model A","Spread.one"
"1",-0.00832465744995756,"Model A","Spread.one"
"1",-0.00687200848235688,"Model A","Spread.one"
"1",-0.00606600939896869,"Model A","Spread.one"
"1",-0.00848164803397832,"Model A","Spread.one"
"1",-0.00626247881247935,"Model A","Spread.one"
"1",-0.00423937837093074,"Model A","Spread.one"
"1",-0.00835622214905255,"Model A","Spread.one"
"1",-0.00401585174624651,"Model A","Spread.one"
"1",-0.00317671791431068,"Model A","Spread.one"
"1",-0.00363702549814057,"Model A","Spread.one"
"1",-0.00998547226937496,"Model A","Spread.one"
"1",-0.00575739769855627,"Model A","Spread.one"
"1",-0.00557992415786909,"Model A","Spread.one"
"1",-0.00430121755417066,"Model A","Spread.one"
"1",-0.00818333848357383,"Model A","Spread.one"
"1",-0.00632736479415271,"Model A","Spread.one"
"1",-0.00566471271048728,"Model A","Spread.one"
"1",-0.00439326721200537,"Model A","Spread.one"
"1",-0.00574023652409514,"Model A","Spread.one"
"1",-0.00511953791114149,"Model A","Spread.one"
"1",-0.00724864713096744,"Model A","Spread.one"
"1",-0.00474688748949178,"Model A","Spread.one"
"1",-0.00753395253639557,"Model A","Spread.one"
"1",-0.00518917720717234,"Model A","Spread.one"
"1",-0.00640139730382815,"Model A","Spread.one"
"1",-0.00552015621707568,"Model A","Spread.one"
"1",-0.00487526389042524,"Model A","Spread.one"
"1",-0.00526574016975608,"Model A","Spread.one"
"1",-0.00685545372539506,"Model A","Spread.one"
"1",-0.00684085674996635,"Model A","Spread.one"
"1",-0.0051280881492498,"Model A","Spread.one"
"1",-0.0034193873529117,"Model A","Spread.one"
"1",-0.00607281113410233,"Model A","Spread.one"
"1",-0.00761661881259404,"Model A","Spread.one"
"1",-0.0060878583673301,"Model A","Spread.one"
"1",-0.00607555815864959,"Model A","Spread.one"
"1",-0.00819981237232189,"Model A","Spread.one"
"1",-0.00530851458551447,"Model A","Spread.one"
"1",-0.00457151277381686,"Model A","Spread.one"
"1",-0.00368313031359617,"Model A","Spread.one"
"1",-0.00398504696387366,"Model A","Spread.one"
"1",-0.00910900784197715,"Model A","Spread.one"
"1",-0.00433544002892525,"Model A","Spread.one"
"1",-0.00497263535966636,"Model A","Spread.one"
"1",-0.00758527371445581,"Model A","Spread.one"
"1",-0.00372591561983684,"Model A","Spread.one"
"1",-0.00693879788295703,"Model A","Spread.one"
"1",-0.00580098126077659,"Model A","Spread.one"
"1",-0.00635482429646015,"Model A","Spread.one"
"1",-0.00640935298902752,"Model A","Spread.one"
"1",-0.00753716754036842,"Model A","Spread.one"
"1",-0.00763898903958447,"Model A","Spread.one"
"1",-0.00688514189954531,"Model A","Spread.one"
"1",-0.00739624979349413,"Model A","Spread.one"
"1",-0.0059041891425019,"Model A","Spread.one"
"1",-0.00427728737952419,"Model A","Spread.one"
"1",-0.00778433712782118,"Model A","Spread.one"
"1",-0.00726988408699659,"Model A","Spread.one"
"1",-0.00679850515321543,"Model A","Spread.one"
"1",-0.00476008774829533,"Model A","Spread.one"
"1",-0.00817439781970752,"Model A","Spread.one"
"1",-0.00876422509625362,"Model A","Spread.one"
"1",-0.00561947406727848,"Model A","Spread.one"
"1",-0.00802357482876586,"Model A","Spread.one"
"1",-0.00700301003360212,"Model A","Spread.one"
"1",-0.00766492036399054,"Model A","Spread.one"
"1",-0.00743428607723647,"Model A","Spread.one"
"1",-0.00787017783884644,"Model A","Spread.one"
"1",-0.00745955844257557,"Model A","Spread.one"
"1",-0.00407812071972051,"Model A","Spread.one"
"1",-0.00863570638688703,"Model A","Spread.one"
"1",-0.00546447664305576,"Model A","Spread.one"
"1",-0.00677627000609879,"Model A","Spread.one"
"1",-0.00703893623708545,"Model A","Spread.one"
"1",-0.00506568914657375,"Model A","Spread.one"
"1",-0.00663722549754756,"Model A","Spread.one"
"1",-0.00474630800698336,"Model A","Spread.one"
"1",-0.00684465207766933,"Model A","Spread.one"
"1",-0.00839590083342507,"Model A","Spread.one"
"1",-0.00589685841714662,"Model A","Spread.one"
"1",-0.00789989067646565,"Model A","Spread.one"
"1",-0.00670740260109867,"Model A","Spread.one"
"1",-0.00654575939003101,"Model A","Spread.one"
"1",-0.00464557684548959,"Model A","Spread.one"
"1",-0.00526884125014314,"Model A","Spread.one"
"1",-0.00417054390843987,"Model A","Spread.one"
"1",-0.00539645426958033,"Model A","Spread.one"
"1",-0.00621832175327193,"Model A","Spread.one"
"1",-0.00634321666015285,"Model A","Spread.one"
"1",-0.00830617333048446,"Model A","Spread.one"
"1",-0.0060422290058707,"Model A","Spread.one"
"1",-0.00534186920203174,"Model A","Spread.one"
"1",-0.00406449550130868,"Model A","Spread.one"
"1",-0.00824478372081853,"Model A","Spread.one"
"1",-0.00460222852817554,"Model A","Spread.one"
"1",-0.00462530739838453,"Model A","Spread.one"
"1",-0.0083952245755172,"Model A","Spread.one"
"1",-0.0057108570640551,"Model A","Spread.one"
"1",-0.00816963142434451,"Model A","Spread.one"
"1",-0.00827342224103302,"Model A","Spread.one"
"1",-0.00781627115553789,"Model A","Spread.one"
"1",-0.0066575326080908,"Model A","Spread.one"
"1",-0.00462953650725017,"Model A","Spread.one"
"1",-0.0031842882389027,"Model A","Spread.one"
"1",-0.00466872035678411,"Model A","Spread.one"
"1",-0.00408914399687951,"Model A","Spread.one"
"1",-0.00823919057586708,"Model A","Spread.two"
"1",-0.0063126500542877,"Model A","Spread.two"
"1",-0.00375625847050864,"Model A","Spread.two"
"1",-0.00819224677521844,"Model A","Spread.two"
"1",-0.00629153847258006,"Model A","Spread.two"
"1",-0.00496043811553792,"Model A","Spread.two"
"1",-0.00621851311953731,"Model A","Spread.two"
"1",-0.00628982076566302,"Model A","Spread.two"
"1",-0.00495556885611929,"Model A","Spread.two"
"1",-0.00621898990954935,"Model A","Spread.two"
"1",-0.00629227986044874,"Model A","Spread.two"
"1",-0.00629472912061028,"Model A","Spread.two"
"1",-0.00793175318210371,"Model A","Spread.two"
"1",-0.00455517896026079,"Model A","Spread.two"
"1",-0.00653653200917621,"Model A","Spread.two"
"1",-0.00656552442682377,"Model A","Spread.two"
"1",-0.00614297570692308,"Model A","Spread.two"
"1",-0.00562278279173079,"Model A","Spread.two"
"1",-0.00640255994727809,"Model A","Spread.two"
"1",-0.00611867241512622,"Model A","Spread.two"
"1",-0.00630516103879445,"Model A","Spread.two"
"1",-0.00437793034611394,"Model A","Spread.two"
"1",-0.00710814526326775,"Model A","Spread.two"
"1",-0.00633334149033552,"Model A","Spread.two"
"1",-0.00541137650063801,"Model A","Spread.two"
"1",-0.00635730275694526,"Model A","Spread.two"
"1",-0.0066609681266977,"Model A","Spread.two"
"1",-0.00690130470108965,"Model A","Spread.two"
"1",-0.00690814358378997,"Model A","Spread.two"
"1",-0.00442350751513592,"Model A","Spread.two"
"1",-0.00586797756020651,"Model A","Spread.two"
"1",-0.00407630594033898,"Model A","Spread.two"
"1",-0.00754873020137965,"Model A","Spread.two"
"1",-0.00520961290690664,"Model A","Spread.two"
"1",-0.00672234321267966,"Model A","Spread.two"
"1",-0.00442719574519352,"Model A","Spread.two"
"1",-0.0030619743521806,"Model A","Spread.two"
"1",-0.00747746580629515,"Model A","Spread.two"
"1",-0.00660102817657873,"Model A","Spread.two"
"1",-0.00406524751181755,"Model A","Spread.two"
"1",-0.00552763394658349,"Model A","Spread.two"
"1",-0.00402005112628642,"Model A","Spread.two"
"1",-0.00561295654656834,"Model A","Spread.two"
"1",-0.00658728417825642,"Model A","Spread.two"
"1",-0.00753022383377741,"Model A","Spread.two"
"1",-0.00793666403520477,"Model A","Spread.two"
"1",-0.00298408943098405,"Model A","Spread.two"
"1",-0.00525842052136298,"Model A","Spread.two"
"1",-0.0049147193547361,"Model A","Spread.two"
"1",-0.007710345528352,"Model A","Spread.two"
"1",-0.00691699147517724,"Model A","Spread.two"
"1",-0.00383078817127869,"Model A","Spread.two"
"1",-0.00711007998526245,"Model A","Spread.two"
"1",-0.0086776133581043,"Model A","Spread.two"
"1",-0.00698106346573693,"Model A","Spread.two"
"1",-0.0073153124416127,"Model A","Spread.two"
"1",-0.00266492528652224,"Model A","Spread.two"
"1",-0.00675277342682271,"Model A","Spread.two"
"1",-0.0062121274401684,"Model A","Spread.two"
"1",-0.00277406997199474,"Model A","Spread.two"
"1",-0.0044293715793468,"Model A","Spread.two"
"1",-0.00716577052399028,"Model A","Spread.two"
"1",-0.00200614703088278,"Model A","Spread.two"
"1",-0.00685146865771749,"Model A","Spread.two"
"1",-0.00260291625076931,"Model A","Spread.two"
"1",-0.00599206757581272,"Model A","Spread.two"
"1",-0.00630403176246968,"Model A","Spread.two"
"1",-0.00711049719903421,"Model A","Spread.two"
"1",-0.00487336102915514,"Model A","Spread.two"
"1",-0.0047970902173609,"Model A","Spread.two"
"1",-0.00706812427398327,"Model A","Spread.two"
"1",-0.00821933710719115,"Model A","Spread.two"
"1",-0.00502583734302184,"Model A","Spread.two"
"1",-0.00680492309176824,"Model A","Spread.two"
"1",-0.00470503249522881,"Model A","Spread.two"
"1",-0.00523315604163774,"Model A","Spread.two"
"1",-0.00656992484873172,"Model A","Spread.two"
"1",-0.00656942432613264,"Model A","Spread.two"
"1",-0.00779833404924078,"Model A","Spread.two"
"1",-0.00796580657950297,"Model A","Spread.two"
"1",-0.00608188431442053,"Model A","Spread.two"
"1",-0.00625516152495222,"Model A","Spread.two"
"1",-0.0102757038606244,"Model A","Spread.two"
"1",-0.00607608651990548,"Model A","Spread.two"
"1",-0.00786202375989313,"Model A","Spread.two"
"1",-0.00416413736285005,"Model A","Spread.two"
"1",-0.00701801656971051,"Model A","Spread.two"
"1",-0.00781629026500914,"Model A","Spread.two"
"1",-0.00357298760361747,"Model A","Spread.two"
"1",-0.00447598381939211,"Model A","Spread.two"
"1",-0.0072571637740832,"Model A","Spread.two"
"1",-0.00647944515931844,"Model A","Spread.two"
"1",-0.00516866335356005,"Model A","Spread.two"
"1",-0.00624435222686121,"Model A","Spread.two"
"1",-0.0067454922059327,"Model A","Spread.two"
"1",-0.0079532205216064,"Model A","Spread.two"
"1",-0.00463270272004847,"Model A","Spread.two"
"1",-0.00374163423376998,"Model A","Spread.two"
"1",-0.00586327473746353,"Model A","Spread.two"
"1",-0.00704475358226864,"Model A","Spread.two"
"1",-0.00645498187050899,"Model A","Spread.two"
"1",-0.00400572879116726,"Model A","Spread.two"
"1",-0.00566709079917616,"Model A","Spread.two"
"1",-0.0062762061696784,"Model A","Spread.two"
"1",-0.0047127481237242,"Model A","Spread.two"
"1",-0.00799163890185758,"Model A","Spread.two"
"1",-0.00360866353563572,"Model A","Spread.two"
"1",-0.00235966994855188,"Model A","Spread.two"
"1",-0.00972207197589234,"Model A","Spread.two"
"1",-0.0071265178305611,"Model A","Spread.two"
"1",-0.00358060368422312,"Model A","Spread.two"
"1",-0.00569053811504433,"Model A","Spread.two"
"1",-0.00397562886869392,"Model A","Spread.two"
"1",-0.00789670260227209,"Model A","Spread.two"
"1",-0.00281352216806241,"Model A","Spread.two"
"1",-0.00573892648274528,"Model A","Spread.two"
"1",-0.00640179888358012,"Model A","Spread.two"
"1",-0.00693225481477633,"Model A","Spread.two"
"1",-0.00805199814542977,"Model A","Stratified"
"1",-0.00825092081610347,"Model A","Stratified"
"1",-0.00769775011380836,"Model A","Stratified"
"1",-0.0135468720469311,"Model A","Stratified"
"1",-0.00736303777299628,"Model A","Stratified"
"1",-0.0114926740721384,"Model A","Stratified"
"1",-0.00758857754613776,"Model A","Stratified"
"1",-0.0135107648254047,"Model A","Stratified"
"1",-0.0114917975744992,"Model A","Stratified"
"1",-0.00758596704572399,"Model A","Stratified"
"1",-0.0135148687037843,"Model A","Stratified"
"1",-0.011493180999182,"Model A","Stratified"
"1",-0.0114930795181233,"Model A","Stratified"
"1",-0.00999800961219553,"Model A","Stratified"
"1",-0.0111492104137648,"Model A","Stratified"
"1",-0.0165759750547663,"Model A","Stratified"
"1",-0.0117962251556349,"Model A","Stratified"
"1",-0.00886510880023237,"Model A","Stratified"
"1",-0.00850625510493675,"Model A","Stratified"
"1",-0.00742176944012883,"Model A","Stratified"
"1",-0.0121815787287473,"Model A","Stratified"
"1",-0.00952208248664196,"Model A","Stratified"
"1",-0.0151584068416223,"Model A","Stratified"
"1",-0.0102799118797111,"Model A","Stratified"
"1",-0.0087320966432942,"Model A","Stratified"
"1",-0.00813469105627231,"Model A","Stratified"
"1",-0.011461177353002,"Model A","Stratified"
"1",-0.00939762833863121,"Model A","Stratified"
"1",-0.00740225549183455,"Model A","Stratified"
"1",-0.0030869202273554,"Model A","Stratified"
"1",-0.00889710418655541,"Model A","Stratified"
"1",-0.0129100070626132,"Model A","Stratified"
"1",-0.01171276321294,"Model A","Stratified"
"1",-0.00941695278998123,"Model A","Stratified"
"1",-0.00449481622603597,"Model A","Stratified"
"1",-0.00911526097422191,"Model A","Stratified"
"1",-0.00808229114139921,"Model A","Stratified"
"1",-0.0100142199251601,"Model A","Stratified"
"1",-0.0050085026691873,"Model A","Stratified"
"1",-0.0119704601974743,"Model A","Stratified"
"1",-0.0112735928840287,"Model A","Stratified"
"1",-0.0135303976488609,"Model A","Stratified"
"1",-0.0108462051838802,"Model A","Stratified"
"1",-0.0102977583225183,"Model A","Stratified"
"1",-0.0128942070227184,"Model A","Stratified"
"1",-0.00769500462419464,"Model A","Stratified"
"1",-0.00719908112053846,"Model A","Stratified"
"1",-0.0112026914663555,"Model A","Stratified"
"1",-0.0108790637189222,"Model A","Stratified"
"1",-0.0135809567034742,"Model A","Stratified"
"1",-0.0109280883191462,"Model A","Stratified"
"1",-0.0145004640600603,"Model A","Stratified"
"1",-0.00345081930969356,"Model A","Stratified"
"1",-0.0129150197495808,"Model A","Stratified"
"1",-0.0110433050153613,"Model A","Stratified"
"1",-0.00814261985505616,"Model A","Stratified"
"1",-0.00493397789933462,"Model A","Stratified"
"1",-0.00701658978743059,"Model A","Stratified"
"1",-0.00733004284707681,"Model A","Stratified"
"1",-0.0135400334930651,"Model A","Stratified"
"1",-0.00810049609907988,"Model A","Stratified"
"1",-0.00707376325866384,"Model A","Stratified"
"1",-0.0134528377018289,"Model A","Stratified"
"1",-0.00641884509368802,"Model A","Stratified"
"1",-0.00949890086721821,"Model A","Stratified"
"1",-0.0109797302322502,"Model A","Stratified"
"1",-0.00756225898280952,"Model A","Stratified"
"1",-0.0103905415433861,"Model A","Stratified"
"1",-0.00956609253818945,"Model A","Stratified"
"1",-0.00545896491033232,"Model A","Stratified"
"1",-0.00951799163130804,"Model A","Stratified"
"1",-0.0109513930497297,"Model A","Stratified"
"1",-0.00686028203908829,"Model A","Stratified"
"1",-0.00809262946179795,"Model A","Stratified"
"1",-0.00814032358507527,"Model A","Stratified"
"1",-0.00491568983744252,"Model A","Stratified"
"1",-0.00643051830203549,"Model A","Stratified"
"1",-0.0107209794378453,"Model A","Stratified"
"1",-0.0118334667429427,"Model A","Stratified"
"1",-0.00734925642876637,"Model A","Stratified"
"1",-0.00790115992769093,"Model A","Stratified"
"1",-0.00774555399735077,"Model A","Stratified"
"1",-0.00900221232501531,"Model A","Stratified"
"1",-0.00941486911957768,"Model A","Stratified"
"1",-0.0077048520855899,"Model A","Stratified"
"1",-0.00856935510809092,"Model A","Stratified"
"1",-0.00910861328005592,"Model A","Stratified"
"1",-0.00897515835647217,"Model A","Stratified"
"1",-0.0086689751293262,"Model A","Stratified"
"1",-0.00657444736557009,"Model A","Stratified"
"1",-0.00810980891883123,"Model A","Stratified"
"1",-0.00739429394206354,"Model A","Stratified"
"1",-0.012799716746736,"Model A","Stratified"
"1",-0.00924708412842217,"Model A","Stratified"
"1",-0.00877960280996672,"Model A","Stratified"
"1",-0.0112690597825748,"Model A","Stratified"
"1",-0.00551386910307573,"Model A","Stratified"
"1",-0.0086952398806355,"Model A","Stratified"
"1",-0.00852772481951367,"Model A","Stratified"
"1",-0.00764769191538268,"Model A","Stratified"
"1",-0.00993696941778663,"Model A","Stratified"
"1",-0.00862524551120012,"Model A","Stratified"
"1",-0.00856375198366546,"Model A","Stratified"
"1",-0.00812121039820408,"Model A","Stratified"
"1",-0.0088277253248802,"Model A","Stratified"
"1",-0.00441722944059803,"Model A","Stratified"
"1",-0.00607519918195277,"Model A","Stratified"
"1",-0.00409073423960199,"Model A","Stratified"
"1",-0.00793980710068692,"Model A","Stratified"
"1",-0.00764191519753838,"Model A","Stratified"
"1",-0.00789445231149185,"Model A","Stratified"
"1",-0.0111135624738679,"Model A","Stratified"
"1",-0.00880166886867142,"Model A","Stratified"
"1",-0.0111618735344128,"Model A","Stratified"
"1",-0.00898491320401134,"Model A","Stratified"
"1",-0.0083902994388083,"Model A","Stratified"
"1",-0.00908320148542186,"Model A","Stratified"
"1",-0.0125835499285236,"Model A","Stratified"
"1",-0.00932074631378654,"Model A","Stratified"
"1",-0.00701639021735275,"Model A","Stratified"
"1",-0.011500060122731,"Model A","Stratified"
"1",-0.008166675259938,"Model A","Stratified"
"1",-0.00835580648807681,"Model A","Stratified"
"1",-0.00574011888690796,"Model C","SimpleRandom"
"1",-0.00481582013705972,"Model C","SimpleRandom"
"1",-0.00509126428690296,"Model C","SimpleRandom"
"1",-0.00443517000555187,"Model C","SimpleRandom"
"1",-0.0060991035331183,"Model C","SimpleRandom"
"1",-0.00482519465780361,"Model C","SimpleRandom"
"1",-0.00539171501625883,"Model C","SimpleRandom"
"1",-0.00482211066825914,"Model C","SimpleRandom"
"1",-0.00539429841738323,"Model C","SimpleRandom"
"1",-0.00569264844163206,"Model C","SimpleRandom"
"1",-0.00482461395600406,"Model C","SimpleRandom"
"1",-0.00503035882962871,"Model C","SimpleRandom"
"1",-0.0055580755624376,"Model C","SimpleRandom"
"1",-0.00573950162318927,"Model C","SimpleRandom"
"1",-0.00670958324624337,"Model C","SimpleRandom"
"1",-0.00586442591865144,"Model C","SimpleRandom"
"1",-0.00446194389861984,"Model C","SimpleRandom"
"1",-0.00435326384391917,"Model C","SimpleRandom"
"1",-0.00461988517431725,"Model C","SimpleRandom"
"1",-0.00557794547700925,"Model C","SimpleRandom"
"1",-0.00674194838413056,"Model C","SimpleRandom"
"1",-0.00516282427704169,"Model C","SimpleRandom"
"1",-0.00448425045932178,"Model C","SimpleRandom"
"1",-0.00675063751978233,"Model C","SimpleRandom"
"1",-0.00590460158738714,"Model C","SimpleRandom"
"1",-0.00492814145253577,"Model C","SimpleRandom"
"1",-0.00373374099419683,"Model C","SimpleRandom"
"1",-0.00890261812840042,"Model C","SimpleRandom"
"1",-0.00430470861864427,"Model C","SimpleRandom"
"1",-0.00558059708986651,"Model C","SimpleRandom"
"1",-0.00590767650768899,"Model C","SimpleRandom"
"1",-0.00453657678959244,"Model C","SimpleRandom"
"1",-0.00573543053597266,"Model C","SimpleRandom"
"1",-0.00691001976293283,"Model C","SimpleRandom"
"1",-0.00674058065321817,"Model C","SimpleRandom"
"1",-0.00692718122919828,"Model C","SimpleRandom"
"1",-0.0058851736127962,"Model C","SimpleRandom"
"1",-0.00424841670650694,"Model C","SimpleRandom"
"1",-0.00460479292791191,"Model C","SimpleRandom"
"1",-0.0060748103355689,"Model C","SimpleRandom"
"1",-0.00516759030541604,"Model C","SimpleRandom"
"1",-0.00620741428052895,"Model C","SimpleRandom"
"1",-0.00703119413739094,"Model C","SimpleRandom"
"1",-0.00651989357240001,"Model C","SimpleRandom"
"1",-0.00605474958481964,"Model C","SimpleRandom"
"1",-0.00721478630239925,"Model C","SimpleRandom"
"1",-0.00619410679462438,"Model C","SimpleRandom"
"1",-0.00790523939892218,"Model C","SimpleRandom"
"1",-0.00625699513424521,"Model C","SimpleRandom"
"1",-0.00577373277763928,"Model C","SimpleRandom"
"1",-0.00719443710238615,"Model C","SimpleRandom"
"1",-0.00621593333800468,"Model C","SimpleRandom"
"1",-0.00551970337878748,"Model C","SimpleRandom"
"1",-0.0055564018879585,"Model C","SimpleRandom"
"1",-0.0061796124937495,"Model C","SimpleRandom"
"1",-0.00837830605084746,"Model C","SimpleRandom"
"1",-0.00539370217872472,"Model C","SimpleRandom"
"1",-0.004916443501855,"Model C","SimpleRandom"
"1",-0.00511190449473158,"Model C","SimpleRandom"
"1",-0.00572819539006791,"Model C","SimpleRandom"
"1",-0.00669220384815682,"Model C","SimpleRandom"
"1",-0.00668079535111503,"Model C","SimpleRandom"
"1",-0.00803388104067741,"Model C","SimpleRandom"
"1",-0.00555559836620301,"Model C","SimpleRandom"
"1",-0.00560268686134547,"Model C","SimpleRandom"
"1",-0.00373154020934017,"Model C","SimpleRandom"
"1",-0.00576638087788622,"Model C","SimpleRandom"
"1",-0.0045548454676199,"Model C","SimpleRandom"
"1",-0.00562615620261299,"Model C","SimpleRandom"
"1",-0.003762336929706,"Model C","SimpleRandom"
"1",-0.00624722566542438,"Model C","SimpleRandom"
"1",-0.00627570941071083,"Model C","SimpleRandom"
"1",-0.00642332713329027,"Model C","SimpleRandom"
"1",-0.00509790259229752,"Model C","SimpleRandom"
"1",-0.00368962546420871,"Model C","SimpleRandom"
"1",-0.00715654032885832,"Model C","SimpleRandom"
"1",-0.00814274273290442,"Model C","SimpleRandom"
"1",-0.00586618314768922,"Model C","SimpleRandom"
"1",-0.0053782865398082,"Model C","SimpleRandom"
"1",-0.00574132532896161,"Model C","SimpleRandom"
"1",-0.00546995329731573,"Model C","SimpleRandom"
"1",-0.00561929669552698,"Model C","SimpleRandom"
"1",-0.00517438886091432,"Model C","SimpleRandom"
"1",-0.00521828690719386,"Model C","SimpleRandom"
"1",-0.00535738858784223,"Model C","SimpleRandom"
"1",-0.00857837082050972,"Model C","SimpleRandom"
"1",-0.00534023357193366,"Model C","SimpleRandom"
"1",-0.00577481715787147,"Model C","SimpleRandom"
"1",-0.00474862302103201,"Model C","SimpleRandom"
"1",-0.0046538741074944,"Model C","SimpleRandom"
"1",-0.0051895008159013,"Model C","SimpleRandom"
"1",-0.00660511885321527,"Model C","SimpleRandom"
"1",-0.00459309549438848,"Model C","SimpleRandom"
"1",-0.0081363279717859,"Model C","SimpleRandom"
"1",-0.00626949297272233,"Model C","SimpleRandom"
"1",-0.00525684783891222,"Model C","SimpleRandom"
"1",-0.00621494563858886,"Model C","SimpleRandom"
"1",-0.00827079363568563,"Model C","SimpleRandom"
"1",-0.00725225942895111,"Model C","SimpleRandom"
"1",-0.00593024302790516,"Model C","SimpleRandom"
"1",-0.00498065866805645,"Model C","SimpleRandom"
"1",-0.00379177696883094,"Model C","SimpleRandom"
"1",-0.0060162886151499,"Model C","SimpleRandom"
"1",-0.0065288051696167,"Model C","SimpleRandom"
"1",-0.00703635741065362,"Model C","SimpleRandom"
"1",-0.00615210578353734,"Model C","SimpleRandom"
"1",-0.00494245381459288,"Model C","SimpleRandom"
"1",-0.00663054755143284,"Model C","SimpleRandom"
"1",-0.00502340948940447,"Model C","SimpleRandom"
"1",-0.00563054220455907,"Model C","SimpleRandom"
"1",-0.00401488723200172,"Model C","SimpleRandom"
"1",-0.00477938932377994,"Model C","SimpleRandom"
"1",-0.00595756744852279,"Model C","SimpleRandom"
"1",-0.00686315243025488,"Model C","SimpleRandom"
"1",-0.00796358675817298,"Model C","SimpleRandom"
"1",-0.00583354371974235,"Model C","SimpleRandom"
"1",-0.00402465300448552,"Model C","Spread.one"
"1",-0.00455051158085127,"Model C","Spread.one"
"1",-0.00426650717838419,"Model C","Spread.one"
"1",-0.00493252766933793,"Model C","Spread.one"
"1",-0.00462379094757694,"Model C","Spread.one"
"1",-0.00497461690285971,"Model C","Spread.one"
"1",-0.0053317786419501,"Model C","Spread.one"
"1",-0.00352356357551714,"Model C","Spread.one"
"1",-0.00497381178571554,"Model C","Spread.one"
"1",-0.00533477635298964,"Model C","Spread.one"
"1",-0.00352589931495807,"Model C","Spread.one"
"1",-0.00497538910128823,"Model C","Spread.one"
"1",-0.00497621599709241,"Model C","Spread.one"
"1",-0.00422911368232292,"Model C","Spread.one"
"1",-0.00585264461732441,"Model C","Spread.one"
"1",-0.00606365452479907,"Model C","Spread.one"
"1",-0.00592579604408819,"Model C","Spread.one"
"1",-0.00462999638061985,"Model C","Spread.one"
"1",-0.00551346779171852,"Model C","Spread.one"
"1",-0.00559592654280486,"Model C","Spread.one"
"1",-0.00419664291288452,"Model C","Spread.one"
"1",-0.00496360785457699,"Model C","Spread.one"
"1",-0.00426672451976515,"Model C","Spread.one"
"1",-0.00532396866379128,"Model C","Spread.one"
"1",-0.00453424861614997,"Model C","Spread.one"
"1",-0.00394296637120162,"Model C","Spread.one"
"1",-0.00680581288744286,"Model C","Spread.one"
"1",-0.00473784786494169,"Model C","Spread.one"
"1",-0.00375892981650388,"Model C","Spread.one"
"1",-0.00415290186103144,"Model C","Spread.one"
"1",-0.00696382654883341,"Model C","Spread.one"
"1",-0.00540845969502438,"Model C","Spread.one"
"1",-0.00451959864527308,"Model C","Spread.one"
"1",-0.00411437503867603,"Model C","Spread.one"
"1",-0.0055251843554348,"Model C","Spread.one"
"1",-0.00406778121128101,"Model C","Spread.one"
"1",-0.00408440337154268,"Model C","Spread.one"
"1",-0.00399887524038472,"Model C","Spread.one"
"1",-0.00475339194425971,"Model C","Spread.one"
"1",-0.00373074536693802,"Model C","Spread.one"
"1",-0.00525073073261166,"Model C","Spread.one"
"1",-0.00409411997901994,"Model C","Spread.one"
"1",-0.00401161871518739,"Model C","Spread.one"
"1",-0.00319588182156255,"Model C","Spread.one"
"1",-0.00438131694977384,"Model C","Spread.one"
"1",-0.00454058296285573,"Model C","Spread.one"
"1",-0.00398067510549839,"Model C","Spread.one"
"1",-0.00478843341313515,"Model C","Spread.one"
"1",-0.00500242747134191,"Model C","Spread.one"
"1",-0.00653256806126356,"Model C","Spread.one"
"1",-0.00414157751610802,"Model C","Spread.one"
"1",-0.00544573644538624,"Model C","Spread.one"
"1",-0.0054587331707224,"Model C","Spread.one"
"1",-0.00418278142581685,"Model C","Spread.one"
"1",-0.00575284620562085,"Model C","Spread.one"
"1",-0.00427122857061708,"Model C","Spread.one"
"1",-0.00410961866016191,"Model C","Spread.one"
"1",-0.00694586429565759,"Model C","Spread.one"
"1",-0.0045662814579595,"Model C","Spread.one"
"1",-0.00433379120310233,"Model C","Spread.one"
"1",-0.00452706017316765,"Model C","Spread.one"
"1",-0.00366391117115073,"Model C","Spread.one"
"1",-0.00323012659818399,"Model C","Spread.one"
"1",-0.0050934288832637,"Model C","Spread.one"
"1",-0.00596241015001967,"Model C","Spread.one"
"1",-0.00517244907243958,"Model C","Spread.one"
"1",-0.00562607146546124,"Model C","Spread.one"
"1",-0.0057557932261467,"Model C","Spread.one"
"1",-0.00460998634236846,"Model C","Spread.one"
"1",-0.00410041969870817,"Model C","Spread.one"
"1",-0.00630617437410501,"Model C","Spread.one"
"1",-0.00421263505889702,"Model C","Spread.one"
"1",-0.00558639387188347,"Model C","Spread.one"
"1",-0.00462370061483739,"Model C","Spread.one"
"1",-0.00499524441164085,"Model C","Spread.one"
"1",-0.00425820715421077,"Model C","Spread.one"
"1",-0.00584476555953767,"Model C","Spread.one"
"1",-0.00505084802443863,"Model C","Spread.one"
"1",-0.0046018047752787,"Model C","Spread.one"
"1",-0.0055281272434838,"Model C","Spread.one"
"1",-0.00421762087715424,"Model C","Spread.one"
"1",-0.00542679751401808,"Model C","Spread.one"
"1",-0.00444817035072219,"Model C","Spread.one"
"1",-0.00469292530830713,"Model C","Spread.one"
"1",-0.00402216132354177,"Model C","Spread.one"
"1",-0.00335574587872417,"Model C","Spread.one"
"1",-0.00361325911207928,"Model C","Spread.one"
"1",-0.00382327605025407,"Model C","Spread.one"
"1",-0.00505923216286393,"Model C","Spread.one"
"1",-0.00529531320897798,"Model C","Spread.one"
"1",-0.00487777080311341,"Model C","Spread.one"
"1",-0.00381217638718628,"Model C","Spread.one"
"1",-0.00479638579207156,"Model C","Spread.one"
"1",-0.00483558530883662,"Model C","Spread.one"
"1",-0.00576709445572305,"Model C","Spread.one"
"1",-0.00561173401803567,"Model C","Spread.one"
"1",-0.00484236353200735,"Model C","Spread.one"
"1",-0.00557838779270832,"Model C","Spread.one"
"1",-0.00414182955271303,"Model C","Spread.one"
"1",-0.00493977187528766,"Model C","Spread.one"
"1",-0.00341077927117212,"Model C","Spread.one"
"1",-0.00493120081696808,"Model C","Spread.one"
"1",-0.0037044594308638,"Model C","Spread.one"
"1",-0.00387540174606639,"Model C","Spread.one"
"1",-0.00455172267840143,"Model C","Spread.one"
"1",-0.00422688699633495,"Model C","Spread.one"
"1",-0.00415123058889787,"Model C","Spread.one"
"1",-0.0034927509845881,"Model C","Spread.one"
"1",-0.0041913055267563,"Model C","Spread.one"
"1",-0.00590943567661154,"Model C","Spread.one"
"1",-0.00449872604539272,"Model C","Spread.one"
"1",-0.00511029426925311,"Model C","Spread.one"
"1",-0.00695055265911064,"Model C","Spread.one"
"1",-0.00475330069317351,"Model C","Spread.one"
"1",-0.00544922807725148,"Model C","Spread.one"
"1",-0.0040851322356466,"Model C","Spread.one"
"1",-0.00430144906608417,"Model C","Spread.one"
"1",-0.00528971356771289,"Model C","Spread.one"
"1",-0.00609029092337328,"Model C","Spread.one"
"1",-0.00378419771311679,"Model C","Spread.one"
"1",-0.00379989843695278,"Model C","Spread.one"
"1",-0.00422345111586047,"Model C","Spread.one"
"1",-0.0057890382447431,"Model C","Spread.two"
"1",-0.00400288971609294,"Model C","Spread.two"
"1",-0.00474695307977592,"Model C","Spread.two"
"1",-0.00598240856545437,"Model C","Spread.two"
"1",-0.00489065938339152,"Model C","Spread.two"
"1",-0.00506813733324166,"Model C","Spread.two"
"1",-0.00435407261504193,"Model C","Spread.two"
"1",-0.0048955193917916,"Model C","Spread.two"
"1",-0.00506995973887464,"Model C","Spread.two"
"1",-0.00435549010054389,"Model C","Spread.two"
"1",-0.00489156562956868,"Model C","Spread.two"
"1",-0.00489377274566058,"Model C","Spread.two"
"1",-0.005153702736567,"Model C","Spread.two"
"1",-0.00431258935716615,"Model C","Spread.two"
"1",-0.00528876453765427,"Model C","Spread.two"
"1",-0.00489021796646896,"Model C","Spread.two"
"1",-0.00503964852111666,"Model C","Spread.two"
"1",-0.00567737222327272,"Model C","Spread.two"
"1",-0.00479576460266181,"Model C","Spread.two"
"1",-0.00485538647921542,"Model C","Spread.two"
"1",-0.00513239521865463,"Model C","Spread.two"
"1",-0.00513792366090059,"Model C","Spread.two"
"1",-0.00496234262990458,"Model C","Spread.two"
"1",-0.00405699042798018,"Model C","Spread.two"
"1",-0.00505795250047717,"Model C","Spread.two"
"1",-0.00521019321892907,"Model C","Spread.two"
"1",-0.00473484438951629,"Model C","Spread.two"
"1",-0.00462356571999859,"Model C","Spread.two"
"1",-0.00386098764546434,"Model C","Spread.two"
"1",-0.00594193564806679,"Model C","Spread.two"
"1",-0.00436740462504806,"Model C","Spread.two"
"1",-0.0052041488174928,"Model C","Spread.two"
"1",-0.00424632119881844,"Model C","Spread.two"
"1",-0.00492860661968379,"Model C","Spread.two"
"1",-0.00432394619240421,"Model C","Spread.two"
"1",-0.00379508685892333,"Model C","Spread.two"
"1",-0.00467511202392243,"Model C","Spread.two"
"1",-0.00456520079688658,"Model C","Spread.two"
"1",-0.00400283679571709,"Model C","Spread.two"
"1",-0.00521022825017436,"Model C","Spread.two"
"1",-0.00435844125564847,"Model C","Spread.two"
"1",-0.00457379725983744,"Model C","Spread.two"
"1",-0.0046925137008623,"Model C","Spread.two"
"1",-0.00525686583134296,"Model C","Spread.two"
"1",-0.0045257154886601,"Model C","Spread.two"
"1",-0.00434556289255625,"Model C","Spread.two"
"1",-0.00402327077209379,"Model C","Spread.two"
"1",-0.0035200146531917,"Model C","Spread.two"
"1",-0.00565650477315086,"Model C","Spread.two"
"1",-0.00510306219506637,"Model C","Spread.two"
"1",-0.00469919216120501,"Model C","Spread.two"
"1",-0.00548481963980625,"Model C","Spread.two"
"1",-0.00502980386123086,"Model C","Spread.two"
"1",-0.00412470573508036,"Model C","Spread.two"
"1",-0.00424197587356805,"Model C","Spread.two"
"1",-0.00347554234743167,"Model C","Spread.two"
"1",-0.00512749014771462,"Model C","Spread.two"
"1",-0.00514445319726481,"Model C","Spread.two"
"1",-0.00483728064265397,"Model C","Spread.two"
"1",-0.00462460503270519,"Model C","Spread.two"
"1",-0.00454421267768866,"Model C","Spread.two"
"1",-0.00342536354200449,"Model C","Spread.two"
"1",-0.00586517242258296,"Model C","Spread.two"
"1",-0.00369268168536402,"Model C","Spread.two"
"1",-0.00559372619315753,"Model C","Spread.two"
"1",-0.00609560892082199,"Model C","Spread.two"
"1",-0.00444932257194413,"Model C","Spread.two"
"1",-0.00401720743386512,"Model C","Spread.two"
"1",-0.00551051905429724,"Model C","Spread.two"
"1",-0.00657896482812092,"Model C","Spread.two"
"1",-0.00512404806850163,"Model C","Spread.two"
"1",-0.00468007452521749,"Model C","Spread.two"
"1",-0.00687223591796099,"Model C","Spread.two"
"1",-0.00355740302499675,"Model C","Spread.two"
"1",-0.00377719298059662,"Model C","Spread.two"
"1",-0.00348367636273854,"Model C","Spread.two"
"1",-0.00520734822397126,"Model C","Spread.two"
"1",-0.00583755893539307,"Model C","Spread.two"
"1",-0.00627894157146488,"Model C","Spread.two"
"1",-0.00610587448900616,"Model C","Spread.two"
"1",-0.00368756942682606,"Model C","Spread.two"
"1",-0.00745068918566794,"Model C","Spread.two"
"1",-0.00495450516212731,"Model C","Spread.two"
"1",-0.00334359004592495,"Model C","Spread.two"
"1",-0.00364630059510326,"Model C","Spread.two"
"1",-0.00519747161599403,"Model C","Spread.two"
"1",-0.00560557040951646,"Model C","Spread.two"
"1",-0.00352464725708216,"Model C","Spread.two"
"1",-0.00443201712122602,"Model C","Spread.two"
"1",-0.00608263641848633,"Model C","Spread.two"
"1",-0.00348615455459338,"Model C","Spread.two"
"1",-0.00447028030079683,"Model C","Spread.two"
"1",-0.00362347285955045,"Model C","Spread.two"
"1",-0.00374181121515087,"Model C","Spread.two"
"1",-0.00531539946846227,"Model C","Spread.two"
"1",-0.00486349317030144,"Model C","Spread.two"
"1",-0.00439088417925742,"Model C","Spread.two"
"1",-0.00420342161840906,"Model C","Spread.two"
"1",-0.00416018811223684,"Model C","Spread.two"
"1",-0.0037252699649827,"Model C","Spread.two"
"1",-0.00398444308484643,"Model C","Spread.two"
"1",-0.00520881779546681,"Model C","Spread.two"
"1",-0.00563691252779555,"Model C","Spread.two"
"1",-0.0045354918206213,"Model C","Spread.two"
"1",-0.00588801540084643,"Model C","Spread.two"
"1",-0.00388648204918488,"Model C","Spread.two"
"1",-0.00358348689840451,"Model C","Spread.two"
"1",-0.00577564531154782,"Model C","Spread.two"
"1",-0.00510989074115174,"Model C","Spread.two"
"1",-0.0042978543962136,"Model C","Spread.two"
"1",-0.00567110243357584,"Model C","Spread.two"
"1",-0.00417878106637353,"Model C","Spread.two"
"1",-0.00574641688155119,"Model C","Spread.two"
"1",-0.00431869163959795,"Model C","Spread.two"
"1",-0.00474806620197795,"Model C","Spread.two"
"1",-0.00400918364943169,"Model C","Spread.two"
"1",-0.00477333708546658,"Model C","Spread.two"
"1",-0.00566530247989614,"Model C","Stratified"
"1",-0.00603610813657584,"Model C","Stratified"
"1",-0.00611904634143677,"Model C","Stratified"
"1",-0.00745508163145362,"Model C","Stratified"
"1",-0.00433084098119976,"Model C","Stratified"
"1",-0.00620721900786442,"Model C","Stratified"
"1",-0.00530904202749782,"Model C","Stratified"
"1",-0.0109818444758987,"Model C","Stratified"
"1",-0.00620598144743762,"Model C","Stratified"
"1",-0.00531010088998574,"Model C","Stratified"
"1",-0.0109823191158591,"Model C","Stratified"
"1",-0.00620631789361524,"Model C","Stratified"
"1",-0.00530783771250456,"Model C","Stratified"
"1",-0.00620614810946918,"Model C","Stratified"
"1",-0.00562067677245803,"Model C","Stratified"
"1",-0.00869325313660966,"Model C","Stratified"
"1",-0.00872590377349501,"Model C","Stratified"
"1",-0.00637389028976849,"Model C","Stratified"
"1",-0.00819715127860308,"Model C","Stratified"
"1",-0.00543416600330119,"Model C","Stratified"
"1",-0.00573636119483041,"Model C","Stratified"
"1",-0.00642109224205684,"Model C","Stratified"
"1",-0.00554535493327575,"Model C","Stratified"
"1",-0.0095208215425098,"Model C","Stratified"
"1",-0.00688008025331473,"Model C","Stratified"
"1",-0.00646229850110043,"Model C","Stratified"
"1",-0.00663291795564422,"Model C","Stratified"
"1",-0.00555680186001905,"Model C","Stratified"
"1",-0.00681635152141213,"Model C","Stratified"
"1",-0.00510740754061322,"Model C","Stratified"
"1",-0.00404156527993777,"Model C","Stratified"
"1",-0.0056456789823587,"Model C","Stratified"
"1",-0.00751661486656458,"Model C","Stratified"
"1",-0.0072835829768192,"Model C","Stratified"
"1",-0.00709767379337633,"Model C","Stratified"
"1",-0.00436440432548432,"Model C","Stratified"
"1",-0.00534898227825118,"Model C","Stratified"
"1",-0.00547664546831128,"Model C","Stratified"
"1",-0.00446404199203598,"Model C","Stratified"
"1",-0.00562802895585886,"Model C","Stratified"
"1",-0.00658459581096443,"Model C","Stratified"
"1",-0.00761134534580397,"Model C","Stratified"
"1",-0.00744854918845073,"Model C","Stratified"
"1",-0.00628461127126327,"Model C","Stratified"
"1",-0.00930243213850509,"Model C","Stratified"
"1",-0.00568299075705596,"Model C","Stratified"
"1",-0.00496603808978047,"Model C","Stratified"
"1",-0.00507428673201371,"Model C","Stratified"
"1",-0.00520251925723552,"Model C","Stratified"
"1",-0.00475816589163071,"Model C","Stratified"
"1",-0.00922885595298993,"Model C","Stratified"
"1",-0.00527354744650294,"Model C","Stratified"
"1",-0.0069947802703343,"Model C","Stratified"
"1",-0.00513174927017046,"Model C","Stratified"
"1",-0.00944500389376744,"Model C","Stratified"
"1",-0.0075982575504218,"Model C","Stratified"
"1",-0.00642063177032372,"Model C","Stratified"
"1",-0.00462847992979405,"Model C","Stratified"
"1",-0.00346059175461469,"Model C","Stratified"
"1",-0.00640325446240695,"Model C","Stratified"
"1",-0.00640148960257022,"Model C","Stratified"
"1",-0.00565741209282931,"Model C","Stratified"
"1",-0.0054247907276891,"Model C","Stratified"
"1",-0.00871770038293002,"Model C","Stratified"
"1",-0.00636890854567395,"Model C","Stratified"
"1",-0.00667527596550931,"Model C","Stratified"
"1",-0.00560860635095174,"Model C","Stratified"
"1",-0.00459869854173449,"Model C","Stratified"
"1",-0.00671103672640214,"Model C","Stratified"
"1",-0.0084793263633555,"Model C","Stratified"
"1",-0.0054549061317651,"Model C","Stratified"
"1",-0.00601698851471055,"Model C","Stratified"
"1",-0.00738561808565252,"Model C","Stratified"
"1",-0.00487591661138623,"Model C","Stratified"
"1",-0.00665364966637335,"Model C","Stratified"
"1",-0.00643212817686611,"Model C","Stratified"
"1",-0.0058839065070085,"Model C","Stratified"
"1",-0.00436797392110548,"Model C","Stratified"
"1",-0.00708499629859695,"Model C","Stratified"
"1",-0.00590961295464182,"Model C","Stratified"
"1",-0.00439308584124971,"Model C","Stratified"
"1",-0.00644014944584918,"Model C","Stratified"
"1",-0.00570897877311577,"Model C","Stratified"
"1",-0.00528094697240765,"Model C","Stratified"
"1",-0.00767199058132482,"Model C","Stratified"
"1",-0.00477399628676393,"Model C","Stratified"
"1",-0.00664538729960085,"Model C","Stratified"
"1",-0.00705580552323229,"Model C","Stratified"
"1",-0.00640741781744241,"Model C","Stratified"
"1",-0.00655333271558249,"Model C","Stratified"
"1",-0.0044810868778191,"Model C","Stratified"
"1",-0.00497553110353654,"Model C","Stratified"
"1",-0.00491304315919262,"Model C","Stratified"
"1",-0.00735893487917762,"Model C","Stratified"
"1",-0.00648342861376562,"Model C","Stratified"
"1",-0.00746225887523352,"Model C","Stratified"
"1",-0.00632835881904918,"Model C","Stratified"
"1",-0.0055588793422225,"Model C","Stratified"
"1",-0.00671377269257124,"Model C","Stratified"
"1",-0.00897120501492662,"Model C","Stratified"
"1",-0.00437034744163935,"Model C","Stratified"
"1",-0.00757755564185948,"Model C","Stratified"
"1",-0.00553236983106601,"Model C","Stratified"
"1",-0.00613734131474833,"Model C","Stratified"
"1",-0.00589386663796196,"Model C","Stratified"
"1",-0.00653059919624108,"Model C","Stratified"
"1",-0.00577784617724491,"Model C","Stratified"
"1",-0.0042408962751865,"Model C","Stratified"
"1",-0.00507072502103747,"Model C","Stratified"
"1",-0.00504574027812099,"Model C","Stratified"
"1",-0.00509861995454484,"Model C","Stratified"
"1",-0.00739736401047662,"Model C","Stratified"
"1",-0.0057408414611704,"Model C","Stratified"
"1",-0.00592190617024822,"Model C","Stratified"
"1",-0.00638289992401997,"Model C","Stratified"
"1",-0.00710164655515328,"Model C","Stratified"
"1",-0.0057623718256513,"Model C","Stratified"
"1",-0.0062727904637468,"Model C","Stratified"
"1",-0.0067118397174309,"Model C","Stratified"
"1",-0.00533707518809155,"Model C","Stratified"
"1",-0.00489897594117896,"Model C","Stratified"
"1",-0.00643811257842907,"Model C","Stratified"
"1",-0.00843111147701158,"Model C","Stratified"
"1",-0.00656758725317039,"Model C","Stratified"
"1",-0.0248677296714703,"Model E","SimpleRandom"
"1",-0.0220634198804735,"Model E","SimpleRandom"
"1",-0.0269705361362883,"Model E","SimpleRandom"
"1",-0.0248702424427567,"Model E","SimpleRandom"
"1",-0.0251270896343924,"Model E","SimpleRandom"
"1",-0.0221690747137627,"Model E","SimpleRandom"
"1",-0.026162286725925,"Model E","SimpleRandom"
"1",-0.0221690887277662,"Model E","SimpleRandom"
"1",-0.026162172046439,"Model E","SimpleRandom"
"1",-0.0256438006961594,"Model E","SimpleRandom"
"1",-0.0221690718979989,"Model E","SimpleRandom"
"1",-0.0233871479620171,"Model E","SimpleRandom"
"1",-0.0247254063189992,"Model E","SimpleRandom"
"1",-0.0231531387481672,"Model E","SimpleRandom"
"1",-0.0241329490988153,"Model E","SimpleRandom"
"1",-0.0238036964638739,"Model E","SimpleRandom"
"1",-0.0234759161034631,"Model E","SimpleRandom"
"1",-0.0237244638438687,"Model E","SimpleRandom"
"1",-0.024806090403886,"Model E","SimpleRandom"
"1",-0.024112304714744,"Model E","SimpleRandom"
"1",-0.0303656438918457,"Model E","SimpleRandom"
"1",-0.0246444226128423,"Model E","SimpleRandom"
"1",-0.0238464742842549,"Model E","SimpleRandom"
"1",-0.0222766655432041,"Model E","SimpleRandom"
"1",-0.0243872016648933,"Model E","SimpleRandom"
"1",-0.0232641634186765,"Model E","SimpleRandom"
"1",-0.0223886638435158,"Model E","SimpleRandom"
"1",-0.0304848943538338,"Model E","SimpleRandom"
"1",-0.0215803779546328,"Model E","SimpleRandom"
"1",-0.0240870421943398,"Model E","SimpleRandom"
"1",-0.0244873540609787,"Model E","SimpleRandom"
"1",-0.0235611033965277,"Model E","SimpleRandom"
"1",-0.0257338228187369,"Model E","SimpleRandom"
"1",-0.0265337170766097,"Model E","SimpleRandom"
"1",-0.0253322086873251,"Model E","SimpleRandom"
"1",-0.0264679318724972,"Model E","SimpleRandom"
"1",-0.0263005887633824,"Model E","SimpleRandom"
"1",-0.0238494730049755,"Model E","SimpleRandom"
"1",-0.0225685911766777,"Model E","SimpleRandom"
"1",-0.0280936837172441,"Model E","SimpleRandom"
"1",-0.0225365093006907,"Model E","SimpleRandom"
"1",-0.0250047313077,"Model E","SimpleRandom"
"1",-0.0253497166474059,"Model E","SimpleRandom"
"1",-0.0254317960347074,"Model E","SimpleRandom"
"1",-0.0259716544637012,"Model E","SimpleRandom"
"1",-0.0266904127577951,"Model E","SimpleRandom"
"1",-0.0273624035156632,"Model E","SimpleRandom"
"1",-0.0263152123212333,"Model E","SimpleRandom"
"1",-0.0259980037328798,"Model E","SimpleRandom"
"1",-0.0247963419432796,"Model E","SimpleRandom"
"1",-0.0263098830181276,"Model E","SimpleRandom"
"1",-0.0238955414144549,"Model E","SimpleRandom"
"1",-0.0253987737361247,"Model E","SimpleRandom"
"1",-0.0263914779527077,"Model E","SimpleRandom"
"1",-0.0264266494150307,"Model E","SimpleRandom"
"1",-0.0279687914450735,"Model E","SimpleRandom"
"1",-0.0250042191929171,"Model E","SimpleRandom"
"1",-0.0260893092273838,"Model E","SimpleRandom"
"1",-0.0260767184263655,"Model E","SimpleRandom"
"1",-0.0249774900098848,"Model E","SimpleRandom"
"1",-0.0288943353400347,"Model E","SimpleRandom"
"1",-0.0262094828511471,"Model E","SimpleRandom"
"1",-0.0259944726871033,"Model E","SimpleRandom"
"1",-0.0242534907626988,"Model E","SimpleRandom"
"1",-0.0259798425590001,"Model E","SimpleRandom"
"1",-0.021021045737594,"Model E","SimpleRandom"
"1",-0.0240631729928318,"Model E","SimpleRandom"
"1",-0.0233767747600393,"Model E","SimpleRandom"
"1",-0.0248418675034303,"Model E","SimpleRandom"
"1",-0.021441677272148,"Model E","SimpleRandom"
"1",-0.0237338827149706,"Model E","SimpleRandom"
"1",-0.0256405047690197,"Model E","SimpleRandom"
"1",-0.025165978061106,"Model E","SimpleRandom"
"1",-0.0252738278643612,"Model E","SimpleRandom"
"1",-0.0223677107938552,"Model E","SimpleRandom"
"1",-0.0282187927046921,"Model E","SimpleRandom"
"1",-0.0261172493545167,"Model E","SimpleRandom"
"1",-0.0262809124382207,"Model E","SimpleRandom"
"1",-0.0249646475061628,"Model E","SimpleRandom"
"1",-0.0248678392468888,"Model E","SimpleRandom"
"1",-0.0245803451182523,"Model E","SimpleRandom"
"1",-0.025324128644233,"Model E","SimpleRandom"
"1",-0.0255586777406082,"Model E","SimpleRandom"
"1",-0.0259089356620306,"Model E","SimpleRandom"
"1",-0.023380678647477,"Model E","SimpleRandom"
"1",-0.0283345358707414,"Model E","SimpleRandom"
"1",-0.025465493619193,"Model E","SimpleRandom"
"1",-0.0247828514827216,"Model E","SimpleRandom"
"1",-0.0244280506793283,"Model E","SimpleRandom"
"1",-0.0236571103472842,"Model E","SimpleRandom"
"1",-0.0255829150697789,"Model E","SimpleRandom"
"1",-0.0258073562752566,"Model E","SimpleRandom"
"1",-0.0246479840000512,"Model E","SimpleRandom"
"1",-0.0282092237691363,"Model E","SimpleRandom"
"1",-0.0262126762665139,"Model E","SimpleRandom"
"1",-0.0237777689509282,"Model E","SimpleRandom"
"1",-0.0243760792397994,"Model E","SimpleRandom"
"1",-0.0303747394520687,"Model E","SimpleRandom"
"1",-0.0287061571741779,"Model E","SimpleRandom"
"1",-0.0234462410927729,"Model E","SimpleRandom"
"1",-0.0264190458713188,"Model E","SimpleRandom"
"1",-0.0231654300277599,"Model E","SimpleRandom"
"1",-0.023054827672399,"Model E","SimpleRandom"
"1",-0.0241430577057026,"Model E","SimpleRandom"
"1",-0.0236294491540626,"Model E","SimpleRandom"
"1",-0.0247357410319466,"Model E","SimpleRandom"
"1",-0.0209774661490378,"Model E","SimpleRandom"
"1",-0.0263520379808752,"Model E","SimpleRandom"
"1",-0.0241106525958806,"Model E","SimpleRandom"
"1",-0.0244707955392593,"Model E","SimpleRandom"
"1",-0.0206309749568475,"Model E","SimpleRandom"
"1",-0.0228511794617388,"Model E","SimpleRandom"
"1",-0.0228932000178825,"Model E","SimpleRandom"
"1",-0.0268795150165114,"Model E","SimpleRandom"
"1",-0.0275645015406773,"Model E","SimpleRandom"
"1",-0.0248868658157189,"Model E","SimpleRandom"
"1",-0.0215684107462261,"Model E","Spread.one"
"1",-0.025781855222125,"Model E","Spread.one"
"1",-0.0245484012250693,"Model E","Spread.one"
"1",-0.0229338365845217,"Model E","Spread.one"
"1",-0.0263886670427572,"Model E","Spread.one"
"1",-0.0247251669493194,"Model E","Spread.one"
"1",-0.0219499316910395,"Model E","Spread.one"
"1",-0.0263887960466596,"Model E","Spread.one"
"1",-0.0247251341355261,"Model E","Spread.one"
"1",-0.0219500199481382,"Model E","Spread.one"
"1",-0.0263888404677716,"Model E","Spread.one"
"1",-0.026388798309144,"Model E","Spread.one"
"1",-0.0230540091934586,"Model E","Spread.one"
"1",-0.024208193724797,"Model E","Spread.one"
"1",-0.0259707437093651,"Model E","Spread.one"
"1",-0.0245509278891635,"Model E","Spread.one"
"1",-0.0224773984283281,"Model E","Spread.one"
"1",-0.0258364424690785,"Model E","Spread.one"
"1",-0.0242920931421035,"Model E","Spread.one"
"1",-0.0226992441442935,"Model E","Spread.one"
"1",-0.0232777328216598,"Model E","Spread.one"
"1",-0.0210561417930557,"Model E","Spread.one"
"1",-0.0253885953452899,"Model E","Spread.one"
"1",-0.0230253712831485,"Model E","Spread.one"
"1",-0.0239592313926229,"Model E","Spread.one"
"1",-0.0252670871071544,"Model E","Spread.one"
"1",-0.0228653027151755,"Model E","Spread.one"
"1",-0.0220972577100609,"Model E","Spread.one"
"1",-0.0226804298320604,"Model E","Spread.one"
"1",-0.0280744924625783,"Model E","Spread.one"
"1",-0.0252579136723643,"Model E","Spread.one"
"1",-0.0224599558514774,"Model E","Spread.one"
"1",-0.0225041906072741,"Model E","Spread.one"
"1",-0.024503998653625,"Model E","Spread.one"
"1",-0.0230652132061938,"Model E","Spread.one"
"1",-0.0214761069365346,"Model E","Spread.one"
"1",-0.0235541815746071,"Model E","Spread.one"
"1",-0.0242179503393005,"Model E","Spread.one"
"1",-0.0216207372943726,"Model E","Spread.one"
"1",-0.0248641204173333,"Model E","Spread.one"
"1",-0.021926974975633,"Model E","Spread.one"
"1",-0.0242074328961305,"Model E","Spread.one"
"1",-0.0212319179420766,"Model E","Spread.one"
"1",-0.0244885227799173,"Model E","Spread.one"
"1",-0.0230493742368016,"Model E","Spread.one"
"1",-0.0202989503443925,"Model E","Spread.one"
"1",-0.0240304528188408,"Model E","Spread.one"
"1",-0.0245085253428004,"Model E","Spread.one"
"1",-0.0277503498246062,"Model E","Spread.one"
"1",-0.021670741698663,"Model E","Spread.one"
"1",-0.0249985014262518,"Model E","Spread.one"
"1",-0.0271126350805949,"Model E","Spread.one"
"1",-0.0210040016727434,"Model E","Spread.one"
"1",-0.0249253704828124,"Model E","Spread.one"
"1",-0.0239819263231964,"Model E","Spread.one"
"1",-0.0228763448383024,"Model E","Spread.one"
"1",-0.026906852595877,"Model E","Spread.one"
"1",-0.0224969588578441,"Model E","Spread.one"
"1",-0.0248722461725098,"Model E","Spread.one"
"1",-0.0247620581368227,"Model E","Spread.one"
"1",-0.0232018416483358,"Model E","Spread.one"
"1",-0.0202269781194072,"Model E","Spread.one"
"1",-0.025151019122688,"Model E","Spread.one"
"1",-0.0256211482590072,"Model E","Spread.one"
"1",-0.0235677675429398,"Model E","Spread.one"
"1",-0.0251189127211063,"Model E","Spread.one"
"1",-0.0250585312428978,"Model E","Spread.one"
"1",-0.0231242742060163,"Model E","Spread.one"
"1",-0.0224946496741067,"Model E","Spread.one"
"1",-0.0276589918212143,"Model E","Spread.one"
"1",-0.0236588959942652,"Model E","Spread.one"
"1",-0.0240922034847958,"Model E","Spread.one"
"1",-0.0249728544937918,"Model E","Spread.one"
"1",-0.0236989344697263,"Model E","Spread.one"
"1",-0.0228390341777029,"Model E","Spread.one"
"1",-0.0253011832225721,"Model E","Spread.one"
"1",-0.0246985094101175,"Model E","Spread.one"
"1",-0.0226535470056522,"Model E","Spread.one"
"1",-0.0235464043316608,"Model E","Spread.one"
"1",-0.0243950724616813,"Model E","Spread.one"
"1",-0.0256267978625963,"Model E","Spread.one"
"1",-0.0244891302512126,"Model E","Spread.one"
"1",-0.0236865237570391,"Model E","Spread.one"
"1",-0.0215683614276401,"Model E","Spread.one"
"1",-0.0207553124464912,"Model E","Spread.one"
"1",-0.0214752561427376,"Model E","Spread.one"
"1",-0.0229089175930041,"Model E","Spread.one"
"1",-0.0226660729901546,"Model E","Spread.one"
"1",-0.02444145527317,"Model E","Spread.one"
"1",-0.0241440234958155,"Model E","Spread.one"
"1",-0.0237508809895259,"Model E","Spread.one"
"1",-0.0231946121769886,"Model E","Spread.one"
"1",-0.0244043329033759,"Model E","Spread.one"
"1",-0.0259470285447933,"Model E","Spread.one"
"1",-0.0259582260064855,"Model E","Spread.one"
"1",-0.0224773978922856,"Model E","Spread.one"
"1",-0.0244725235031944,"Model E","Spread.one"
"1",-0.0220909227478662,"Model E","Spread.one"
"1",-0.0228174314058784,"Model E","Spread.one"
"1",-0.0230621588306464,"Model E","Spread.one"
"1",-0.0242412010172661,"Model E","Spread.one"
"1",-0.0236347886465479,"Model E","Spread.one"
"1",-0.0225633529384594,"Model E","Spread.one"
"1",-0.023929729922761,"Model E","Spread.one"
"1",-0.0231364940230452,"Model E","Spread.one"
"1",-0.0221752043613783,"Model E","Spread.one"
"1",-0.0233559124774475,"Model E","Spread.one"
"1",-0.022885230582384,"Model E","Spread.one"
"1",-0.0266872806835534,"Model E","Spread.one"
"1",-0.0225399411133666,"Model E","Spread.one"
"1",-0.0231435289558822,"Model E","Spread.one"
"1",-0.0284819300767015,"Model E","Spread.one"
"1",-0.0245889884109827,"Model E","Spread.one"
"1",-0.0246175491850542,"Model E","Spread.one"
"1",-0.0229619340113772,"Model E","Spread.one"
"1",-0.0242315821201472,"Model E","Spread.one"
"1",-0.0280417256222842,"Model E","Spread.one"
"1",-0.0263331416218116,"Model E","Spread.one"
"1",-0.0225674014722067,"Model E","Spread.one"
"1",-0.0223403683165646,"Model E","Spread.one"
"1",-0.0231526070305859,"Model E","Spread.one"
"1",-0.0258636145022502,"Model E","Spread.two"
"1",-0.0235610457254074,"Model E","Spread.two"
"1",-0.0274177083977052,"Model E","Spread.two"
"1",-0.0244331053554971,"Model E","Spread.two"
"1",-0.0250208860856407,"Model E","Spread.two"
"1",-0.0244332731977966,"Model E","Spread.two"
"1",-0.0250206265228515,"Model E","Spread.two"
"1",-0.0251402574536074,"Model E","Spread.two"
"1",-0.0244331968238501,"Model E","Spread.two"
"1",-0.0241416950865513,"Model E","Spread.two"
"1",-0.0225692757574725,"Model E","Spread.two"
"1",-0.024015610453498,"Model E","Spread.two"
"1",-0.0237855221660201,"Model E","Spread.two"
"1",-0.0244247765250825,"Model E","Spread.two"
"1",-0.0253156043663554,"Model E","Spread.two"
"1",-0.0248479633189094,"Model E","Spread.two"
"1",-0.0235274617530672,"Model E","Spread.two"
"1",-0.0245711995766171,"Model E","Spread.two"
"1",-0.0246520042003322,"Model E","Spread.two"
"1",-0.0260008657754299,"Model E","Spread.two"
"1",-0.0238116101284861,"Model E","Spread.two"
"1",-0.0221746773166806,"Model E","Spread.two"
"1",-0.0236180509576152,"Model E","Spread.two"
"1",-0.0263554788170956,"Model E","Spread.two"
"1",-0.0235754396139055,"Model E","Spread.two"
"1",-0.0245342854624954,"Model E","Spread.two"
"1",-0.0226763562972064,"Model E","Spread.two"
"1",-0.02718790973459,"Model E","Spread.two"
"1",-0.0261116806528159,"Model E","Spread.two"
"1",-0.0255019849283929,"Model E","Spread.two"
"1",-0.0242679039812292,"Model E","Spread.two"
"1",-0.0245022154352826,"Model E","Spread.two"
"1",-0.0239129039024054,"Model E","Spread.two"
"1",-0.0225413861666278,"Model E","Spread.two"
"1",-0.0252227261663215,"Model E","Spread.two"
"1",-0.0238437726747174,"Model E","Spread.two"
"1",-0.0232597678453989,"Model E","Spread.two"
"1",-0.025544882378029,"Model E","Spread.two"
"1",-0.0261282186359295,"Model E","Spread.two"
"1",-0.0227430854244282,"Model E","Spread.two"
"1",-0.0228010204365736,"Model E","Spread.two"
"1",-0.0239971646130824,"Model E","Spread.two"
"1",-0.0238824693873766,"Model E","Spread.two"
"1",-0.0258995452934805,"Model E","Spread.two"
"1",-0.0217926569836621,"Model E","Spread.two"
"1",-0.0215659144844548,"Model E","Spread.two"
"1",-0.024689576654375,"Model E","Spread.two"
"1",-0.0258203480551037,"Model E","Spread.two"
"1",-0.0242679415772502,"Model E","Spread.two"
"1",-0.0245991008708824,"Model E","Spread.two"
"1",-0.0245744126754288,"Model E","Spread.two"
"1",-0.0243895942060671,"Model E","Spread.two"
"1",-0.0234299303284573,"Model E","Spread.two"
"1",-0.0227938907302439,"Model E","Spread.two"
"1",-0.023649225177677,"Model E","Spread.two"
"1",-0.0275709826410554,"Model E","Spread.two"
"1",-0.0243930004923592,"Model E","Spread.two"
"1",-0.0245378827714869,"Model E","Spread.two"
"1",-0.024598007325645,"Model E","Spread.two"
"1",-0.0230711809358956,"Model E","Spread.two"
"1",-0.0273139842727649,"Model E","Spread.two"
"1",-0.0237022839345179,"Model E","Spread.two"
"1",-0.0258639990316575,"Model E","Spread.two"
"1",-0.0300078644870692,"Model E","Spread.two"
"1",-0.0231748378476967,"Model E","Spread.two"
"1",-0.0231719549910759,"Model E","Spread.two"
"1",-0.0252757973192665,"Model E","Spread.two"
"1",-0.0274536493935646,"Model E","Spread.two"
"1",-0.0232844160224546,"Model E","Spread.two"
"1",-0.0257203748362554,"Model E","Spread.two"
"1",-0.0275726255157186,"Model E","Spread.two"
"1",-0.0223402113927456,"Model E","Spread.two"
"1",-0.0238244110554277,"Model E","Spread.two"
"1",-0.0237836711811142,"Model E","Spread.two"
"1",-0.0255801411705816,"Model E","Spread.two"
"1",-0.0262877773497628,"Model E","Spread.two"
"1",-0.0271271287723565,"Model E","Spread.two"
"1",-0.0286382584336253,"Model E","Spread.two"
"1",-0.0232621584557625,"Model E","Spread.two"
"1",-0.0286588331451586,"Model E","Spread.two"
"1",-0.0236200927289901,"Model E","Spread.two"
"1",-0.0203690462928339,"Model E","Spread.two"
"1",-0.0228937402880209,"Model E","Spread.two"
"1",-0.0267775679038953,"Model E","Spread.two"
"1",-0.0265064163150456,"Model E","Spread.two"
"1",-0.0244046479830589,"Model E","Spread.two"
"1",-0.0249608569059468,"Model E","Spread.two"
"1",-0.0263691900139714,"Model E","Spread.two"
"1",-0.0230291100256134,"Model E","Spread.two"
"1",-0.023354016095187,"Model E","Spread.two"
"1",-0.0246757677636336,"Model E","Spread.two"
"1",-0.0230950264152056,"Model E","Spread.two"
"1",-0.0249449199727861,"Model E","Spread.two"
"1",-0.0251462627009623,"Model E","Spread.two"
"1",-0.024549392035303,"Model E","Spread.two"
"1",-0.02419303345809,"Model E","Spread.two"
"1",-0.0240288260942957,"Model E","Spread.two"
"1",-0.0242821559635777,"Model E","Spread.two"
"1",-0.0216756943561214,"Model E","Spread.two"
"1",-0.0255852343461813,"Model E","Spread.two"
"1",-0.0258015452251357,"Model E","Spread.two"
"1",-0.0234178187935227,"Model E","Spread.two"
"1",-0.0275473085138813,"Model E","Spread.two"
"1",-0.0247821421226859,"Model E","Spread.two"
"1",-0.0245166888088542,"Model E","Spread.two"
"1",-0.0231747540146554,"Model E","Spread.two"
"1",-0.0251492089355673,"Model E","Spread.two"
"1",-0.0276094680637761,"Model E","Spread.two"
"1",-0.0238932115574796,"Model E","Spread.two"
"1",-0.0258155738235946,"Model E","Spread.two"
"1",-0.0251017421626373,"Model E","Spread.two"
"1",-0.0251814675144236,"Model E","Spread.two"
"1",-0.0242119747405688,"Model E","Spread.two"
"1",-0.0249457604953047,"Model E","Spread.two"
"1",-0.0235623989998852,"Model E","Spread.two"
"1",-0.0242242231050331,"Model E","Spread.two"
"1",-0.0235205301253258,"Model E","Stratified"
"1",-0.02446811158199,"Model E","Stratified"
"1",-0.023094715921354,"Model E","Stratified"
"1",-0.0234116838505459,"Model E","Stratified"
"1",-0.0240284818000328,"Model E","Stratified"
"1",-0.0224616604883847,"Model E","Stratified"
"1",-0.0295736451167237,"Model E","Stratified"
"1",-0.0240283701216326,"Model E","Stratified"
"1",-0.022461516334201,"Model E","Stratified"
"1",-0.0295735522390178,"Model E","Stratified"
"1",-0.0240284159207953,"Model E","Stratified"
"1",-0.0224615619043642,"Model E","Stratified"
"1",-0.0240285220492817,"Model E","Stratified"
"1",-0.0267792601995211,"Model E","Stratified"
"1",-0.0269965032409026,"Model E","Stratified"
"1",-0.0236974611755074,"Model E","Stratified"
"1",-0.0257826908982149,"Model E","Stratified"
"1",-0.0227597899081953,"Model E","Stratified"
"1",-0.023873832026929,"Model E","Stratified"
"1",-0.0244812974133472,"Model E","Stratified"
"1",-0.0230487820775791,"Model E","Stratified"
"1",-0.0276347603070028,"Model E","Stratified"
"1",-0.0247191964250042,"Model E","Stratified"
"1",-0.0243756398210705,"Model E","Stratified"
"1",-0.0245801210491214,"Model E","Stratified"
"1",-0.0232093415727408,"Model E","Stratified"
"1",-0.0260533595599944,"Model E","Stratified"
"1",-0.023552184290262,"Model E","Stratified"
"1",-0.0236522835276681,"Model E","Stratified"
"1",-0.0250646889922471,"Model E","Stratified"
"1",-0.0256778209523995,"Model E","Stratified"
"1",-0.0249265407363583,"Model E","Stratified"
"1",-0.025550288153213,"Model E","Stratified"
"1",-0.0220727596363304,"Model E","Stratified"
"1",-0.0228222362933785,"Model E","Stratified"
"1",-0.0242179763742307,"Model E","Stratified"
"1",-0.0229666882143959,"Model E","Stratified"
"1",-0.0238165329041762,"Model E","Stratified"
"1",-0.023899950424606,"Model E","Stratified"
"1",-0.0258910767530673,"Model E","Stratified"
"1",-0.0270473192436007,"Model E","Stratified"
"1",-0.0241045049569482,"Model E","Stratified"
"1",-0.0261050579753644,"Model E","Stratified"
"1",-0.0246035767446967,"Model E","Stratified"
"1",-0.0230338426462384,"Model E","Stratified"
"1",-0.0234679519736097,"Model E","Stratified"
"1",-0.0221143570347792,"Model E","Stratified"
"1",-0.0208166374881624,"Model E","Stratified"
"1",-0.0263350129193424,"Model E","Stratified"
"1",-0.0236060635702087,"Model E","Stratified"
"1",-0.023937650846349,"Model E","Stratified"
"1",-0.0219625443998177,"Model E","Stratified"
"1",-0.0257352414066697,"Model E","Stratified"
"1",-0.0254795500752939,"Model E","Stratified"
"1",-0.0242548502800315,"Model E","Stratified"
"1",-0.0229807477935516,"Model E","Stratified"
"1",-0.0212619848812867,"Model E","Stratified"
"1",-0.02491822814161,"Model E","Stratified"
"1",-0.0242732164313847,"Model E","Stratified"
"1",-0.0231097268778091,"Model E","Stratified"
"1",-0.0240435357063776,"Model E","Stratified"
"1",-0.0256219325100424,"Model E","Stratified"
"1",-0.0248441748605962,"Model E","Stratified"
"1",-0.0241905800166297,"Model E","Stratified"
"1",-0.0237196566604886,"Model E","Stratified"
"1",-0.0225628143845619,"Model E","Stratified"
"1",-0.0262544164563273,"Model E","Stratified"
"1",-0.0263738465411535,"Model E","Stratified"
"1",-0.0245755257742015,"Model E","Stratified"
"1",-0.0235247730154239,"Model E","Stratified"
"1",-0.0250824204810785,"Model E","Stratified"
"1",-0.0215681810567713,"Model E","Stratified"
"1",-0.0247241923913703,"Model E","Stratified"
"1",-0.0237873805430054,"Model E","Stratified"
"1",-0.0244019287158161,"Model E","Stratified"
"1",-0.0214044463360973,"Model E","Stratified"
"1",-0.0253267460976345,"Model E","Stratified"
"1",-0.0220846865408281,"Model E","Stratified"
"1",-0.0223645716269352,"Model E","Stratified"
"1",-0.0254441824474313,"Model E","Stratified"
"1",-0.0243476000768034,"Model E","Stratified"
"1",-0.0239274992521888,"Model E","Stratified"
"1",-0.0261845162005036,"Model E","Stratified"
"1",-0.0214790962769888,"Model E","Stratified"
"1",-0.0247410173397159,"Model E","Stratified"
"1",-0.0253256259605125,"Model E","Stratified"
"1",-0.0248177407032219,"Model E","Stratified"
"1",-0.0251776961407179,"Model E","Stratified"
"1",-0.0212997404293193,"Model E","Stratified"
"1",-0.0219848919682518,"Model E","Stratified"
"1",-0.0228888231304381,"Model E","Stratified"
"1",-0.0268633818424479,"Model E","Stratified"
"1",-0.0242689802300267,"Model E","Stratified"
"1",-0.0252213994849322,"Model E","Stratified"
"1",-0.0255147343419336,"Model E","Stratified"
"1",-0.0231095877498703,"Model E","Stratified"
"1",-0.0254406074512928,"Model E","Stratified"
"1",-0.0263810182188635,"Model E","Stratified"
"1",-0.023539656664089,"Model E","Stratified"
"1",-0.0255716939172728,"Model E","Stratified"
"1",-0.0224794211948091,"Model E","Stratified"
"1",-0.0236354380938264,"Model E","Stratified"
"1",-0.0231608180566012,"Model E","Stratified"
"1",-0.0247718617086606,"Model E","Stratified"
"1",-0.02352781309311,"Model E","Stratified"
"1",-0.0212979356875656,"Model E","Stratified"
"1",-0.0233855222787807,"Model E","Stratified"
"1",-0.0229590594415096,"Model E","Stratified"
"1",-0.0232317270434315,"Model E","Stratified"
"1",-0.023913121182074,"Model E","Stratified"
"1",-0.0243701425274828,"Model E","Stratified"
"1",-0.0248843051745266,"Model E","Stratified"
"1",-0.0242532845257826,"Model E","Stratified"
"1",-0.0244273560716861,"Model E","Stratified"
"1",-0.0226699011805136,"Model E","Stratified"
"1",-0.025375593882362,"Model E","Stratified"
"1",-0.025183880790921,"Model E","Stratified"
"1",-0.0229394723127382,"Model E","Stratified"
"1",-0.0217174400318344,"Model E","Stratified"
"1",-0.0232419076642204,"Model E","Stratified"
"1",-0.0271430940638162,"Model E","Stratified"
"1",-0.0242402562272015,"Model E","Stratified"
